Start Time (Seconds),End Time (Seconds),Duration (Seconds),Component,Energy Consumption (Joule)
0,65.807,65.807,screen dark,12.039785492
0,52.62,52.62,wifi radio,14.097863577
52.62,54.422,1.8019999999999996,wifi running,0.024570990799999994
54.422,65.807,11.385000000000005,wifi radio,3.0502504147500016

