Start Time (Seconds),End Time (Seconds),Duration (Seconds),Component,Energy Consumption (Joule)
0,65.81700000000001,65.81700000000001,screen dark,12.044405692800002
0,65.81700000000001,65.81700000000001,wifi running,0.89764910352

