Start Time (Seconds),End Time (Seconds),Duration (Seconds),Component,Energy Consumption (Joule)
0,65.72,65.72,screen dark,12.021081792
0,38.937,38.937,wifi radio,10.42951919562
38.937,39.638,0.7010000000000005,wifi running,0.009556200240000007
39.638,65.72,26.082,wifi radio,6.986226973320001

