Start Time (Seconds),End Time (Seconds),Duration (Seconds),Component,Energy Consumption (Joule)
0,65.799,65.799,screen dark,12.038321844000002
0,52.606,52.606,wifi radio,14.094112720100002
52.606,54.331,1.7250000000000014,wifi running,0.02352106500000002
54.331,65.799,11.468000000000004,wifi radio,3.0724876378000014

