Start Time (Seconds),End Time (Seconds),Duration (Seconds),Component,Energy Consumption (Joule)
0,65.69200000000001,65.69200000000001,screen dark,12.018745552000002
0,52.805,52.805,wifi radio,14.14742847175
52.805,55.293,2.4879999999999995,wifi running,0.033924875199999996
55.293,65.69200000000001,10.399000000000008,wifi radio,2.7860829216500025

