Start Time (Seconds),End Time (Seconds),Duration (Seconds),Component,Energy Consumption (Joule)
0,65.742,65.742,screen dark,12.019530969600002
0,39.043,39.043,wifi radio,10.453063599440002
39.043,39.27,0.22700000000000387,wifi running,0.003093083840000053
39.27,65.742,26.472,wifi radio,7.087403621760001

