Start Time (Seconds),End Time (Seconds),Duration (Seconds),Component,Energy Consumption (Joule)
0,19.826999999999998,19.826999999999998,screen dark,3.6283092767999996
0,19.826999999999998,19.826999999999998,wifi running,0.27041172911999994

