Start Time (Seconds),End Time (Seconds),Duration (Seconds),Component,Energy Consumption (Joule)
0,20.838,20.838,screen dark,3.8097865344000006
0,20.838,20.838,wifi running,0.28393692096000006
6.014,20.838,14.824000000000002,audio,0.006392108800000002

