Start Time (Seconds),End Time (Seconds),Duration (Seconds),Component,Energy Consumption (Joule)
0,20.876,20.876,screen dark,3.8167340288000005
0,20.876,20.876,wifi running,0.28445470592000005
7.343,20.876,13.533000000000001,audio,0.0058354296000000016

