Start Time (Seconds),End Time (Seconds),Duration (Seconds),Component,Energy Consumption (Joule)
0,65.743,65.743,screen dark,12.028076308
0,37.518,37.518,wifi radio,10.0517606553
37.518,38.641,1.1229999999999976,wifi running,0.015312554199999967
38.641,53.966,15.325000000000003,wifi radio,4.105848713750001
53.966,54.376,0.4099999999999966,wifi running,0.005590513999999954
54.376,65.743,11.366999999999997,wifi radio,3.0454278844499996

