Start Time (Seconds),End Time (Seconds),Duration (Seconds),Component,Energy Consumption (Joule)
0,65.804,65.804,screen dark,12.0448168032
0,31.341,31.341,wifi radio,8.400720932730001
31.341,32.214,0.8729999999999976,wifi running,0.011909221559999968
32.214,65.804,33.59,wifi radio,9.003548582700002

