Start Time (Seconds),End Time (Seconds),Duration (Seconds),Component,Energy Consumption (Joule)
0,64.921,64.921,screen dark,11.8721811752
0,53.468,53.468,wifi radio,14.31841868156
53.468,54.405,0.9369999999999976,wifi running,0.012770447959999967
54.405,64.921,10.516000000000005,wifi radio,2.8161234917200013

