Start Time (Seconds),End Time (Seconds),Duration (Seconds),Component,Energy Consumption (Joule)
0,20.854,20.854,screen dark,3.8127117952000003
0,20.854,20.854,wifi running,0.28415493568
10.556000000000001,20.854,10.297999999999998,audio,0.0044404976

