Start Time (Seconds),End Time (Seconds),Duration (Seconds),Component,Energy Consumption (Joule)
0,65.008,65.008,screen dark,11.885334630400001
0,50.633,50.633,wifi radio,13.556078406640003
50.633,51.309,0.6759999999999948,wifi running,0.009211121919999931
51.309,65.008,13.698999999999998,wifi radio,3.66766176392

