Start Time (Seconds),End Time (Seconds),Duration (Seconds),Component,Energy Consumption (Joule)
0,65.806,65.806,screen dark,12.039602536
0,54.303,54.303,wifi radio,14.548770160050001
54.303,54.356,0.05300000000000438,wifi running,0.0007226762000000597
54.356,65.806,11.449999999999996,wifi radio,3.067665107499999

