Start Time (Seconds),End Time (Seconds),Duration (Seconds),Component,Energy Consumption (Joule)
0,65.82300000000001,65.82300000000001,screen dark,12.042712788000001
0,65.82300000000001,65.82300000000001,wifi running,0.8975229342000002

