Start Time (Seconds),End Time (Seconds),Duration (Seconds),Component,Energy Consumption (Joule)
0,65.826,65.826,screen dark,12.043261655999999
0,54.259,54.259,wifi radio,14.536981752650002
54.259,54.277,0.018000000000000682,wifi running,0.0002454372000000093
54.277,65.826,11.548999999999992,wifi radio,3.094189024149998

