Start Time (Seconds),End Time (Seconds),Duration (Seconds),Component,Energy Consumption (Joule)
0,65.858,65.858,screen dark,12.0547010064
0,50.782,50.782,wifi radio,13.611735758460002
50.782,54.534,3.7520000000000024,wifi running,0.05118373344000004
54.534,65.858,11.324000000000005,wifi radio,3.035313609720002

