Start Time (Seconds),End Time (Seconds),Duration (Seconds),Component,Energy Consumption (Joule)
0,65.811,65.811,screen dark,12.032146156800001
0,46.079,46.079,wifi radio,12.336826514320002
46.079,47.014,0.9350000000000023,wifi running,0.012740235200000033
47.014,65.811,18.797000000000004,wifi radio,5.032559907760002

