Start Time (Seconds),End Time (Seconds),Duration (Seconds),Component,Energy Consumption (Joule)
0,65.648,65.648,screen dark,12.010695488
0,18.815,18.815,wifi running,0.25655005100000006
18.815,23.092,4.2769999999999975,wifi scan,0.9615187854999996
23.092,65.648,42.556,wifi running,0.5802680823999999

