Start Time (Seconds),End Time (Seconds),Duration (Seconds),Component,Energy Consumption (Joule)
0,65.794,65.794,screen dark,11.867237462399999
0,47.475,47.475,wifi radio,12.539612578500002
47.475,47.943,0.4679999999999964,wifi running,0.006291155519999952
47.943,65.794,17.851,wifi radio,4.71499998186

