Start Time (Seconds),End Time (Seconds),Duration (Seconds),Component,Energy Consumption (Joule)
0,65.755,65.755,screen dark,12.024695755999998
0,51.655,51.655,wifi radio,13.83290785135
51.655,54.455,2.799999999999997,wifi running,0.038161423999999965
54.455,65.755,11.299999999999997,wifi radio,3.0260741209999993

