Start Time (Seconds),End Time (Seconds),Duration (Seconds),Component,Energy Consumption (Joule)
0,65.794,65.794,screen dark,12.031827732799998
0,38.645,38.645,wifi radio,10.34890569965
38.645,38.946,0.3009999999999948,wifi running,0.00410235307999993
38.946,65.794,26.848,wifi radio,7.18973787616

