Start Time (Seconds),End Time (Seconds),Duration (Seconds),Component,Energy Consumption (Joule)
0,65.80799999999999,65.80799999999999,screen dark,12.037178188799999
0,65.80799999999999,65.80799999999999,wifi running,0.8971104499199999

