Start Time (Seconds),End Time (Seconds),Duration (Seconds),Component,Energy Consumption (Joule)
0,20.832,20.832,screen dark,3.8104561152000005
0,20.832,20.832,wifi running,0.28398682368
14.506,20.832,6.3260000000000005,audio,0.0027290364000000004

