Start Time (Seconds),End Time (Seconds),Duration (Seconds),Component,Energy Consumption (Joule)
0,20.832,20.832,screen dark,3.8113393920000003
0,20.832,20.832,wifi running,0.2840526528
14.445,20.832,6.3870000000000005,audio,0.002755990500000001

