Start Time (Seconds),End Time (Seconds),Duration (Seconds),Component,Energy Consumption (Joule)
0,64.805,64.805,screen dark,11.856463580000002
0,54.056,54.056,wifi radio,14.482594327600001
54.056,54.302,0.24600000000000222,wifi running,0.0033543084000000303
54.302,64.805,10.503000000000007,wifi radio,2.8139464300500023

