Start Time (Seconds),End Time (Seconds),Duration (Seconds),Component,Energy Consumption (Joule)
0,65.826,65.826,screen dark,12.0488437008
0,53.039,53.039,wifi radio,14.216707748670004
53.039,54.408,1.3689999999999998,wifi running,0.018675514679999998
54.408,65.826,11.417999999999992,wifi radio,3.0605096075399985

