Start Time (Seconds),End Time (Seconds),Duration (Seconds),Component,Energy Consumption (Joule)
0,65.672,65.672,screen dark,12.015086432
0,46.809,46.809,wifi radio,12.54099004515
46.809,49.168,2.3590000000000018,wifi running,0.03216590860000003
49.168,65.672,16.503999999999998,wifi radio,4.4217244484

