Start Time (Seconds),End Time (Seconds),Duration (Seconds),Component,Energy Consumption (Joule)
0,65.709,65.709,screen dark,12.021855804000001
0,49.097,49.097,wifi radio,13.153987229950001
49.097,49.167,0.07000000000000028,wifi running,0.0009544780000000039
49.167,65.709,16.542,wifi radio,4.431905345700001

