Start Time (Seconds),End Time (Seconds),Duration (Seconds),Component,Energy Consumption (Joule)
0,20.873,20.873,screen dark,3.8188405880000005
0,20.873,20.873,wifi running,0.28461170420000004
5.365,20.873,15.508000000000001,audio,0.006691702000000002

