Start Time (Seconds),End Time (Seconds),Duration (Seconds),Component,Energy Consumption (Joule)
0,65.773,65.773,screen dark,12.0363537632
0,50.481,50.481,wifi radio,13.527920591640003
50.481,54.37,3.888999999999996,wifi running,0.05304035983999994
54.37,65.773,11.402999999999999,wifi radio,3.05578095732

