Start Time (Seconds),End Time (Seconds),Duration (Seconds),Component,Energy Consumption (Joule)
0,65.44800000000001,65.44800000000001,screen dark,11.9824292736
0,65.44800000000001,65.44800000000001,wifi running,0.8930301062400001

