Start Time (Seconds),End Time (Seconds),Duration (Seconds),Component,Energy Consumption (Joule)
0,65.85,65.85,screen dark,12.05323668
0,48.849,48.849,wifi radio,13.093609547970003
48.849,50.921,2.0720000000000027,wifi running,0.02826564384000004
50.921,65.85,14.928999999999995,wifi radio,4.0016069303699995

