Start Time (Seconds),End Time (Seconds),Duration (Seconds),Component,Energy Consumption (Joule)
0,65.794,65.794,screen dark,12.0401967296
0,51.327,51.327,wifi radio,13.754632043880001
51.327,54.382,3.0549999999999997,wifi running,0.04166580079999999
54.382,65.794,11.411999999999999,wifi radio,3.0581927812800003

