Start Time (Seconds),End Time (Seconds),Duration (Seconds),Component,Energy Consumption (Joule)
0,65.80199999999999,65.80199999999999,screen dark,12.038870712
0,53.101,53.101,wifi radio,14.226732303350001
53.101,54.326,1.2250000000000014,wifi running,0.01670336500000002
54.326,65.80199999999999,11.475999999999992,wifi radio,3.074630984599998

