Start Time (Seconds),End Time (Seconds),Duration (Seconds),Component,Energy Consumption (Joule)
0,65.791,65.791,screen dark,12.036858196
0,50.217,50.217,wifi radio,13.45405578195
50.217,52.378,2.1610000000000014,wifi running,0.02946609940000002
52.378,65.791,13.412999999999997,wifi radio,3.5935888285499993

