Start Time (Seconds),End Time (Seconds),Duration (Seconds),Component,Energy Consumption (Joule)
0,65.79,65.79,screen dark,11.863726488000001
0,39.808,39.808,wifi radio,10.51204959616
39.808,40.012,0.20400000000000063,wifi running,0.0027416539200000086
40.012,65.79,25.778000000000006,wifi radio,6.807164753060002

