Start Time (Seconds),End Time (Seconds),Duration (Seconds),Component,Energy Consumption (Joule)
0,65.772,65.772,screen dark,12.033382032000002
0,51.093,51.093,wifi radio,13.688752256550002
51.093,54.327,3.2339999999999947,wifi running,0.04409688359999993
54.327,65.772,11.445000000000007,wifi radio,3.0663255157500022

