Start Time (Seconds),End Time (Seconds),Duration (Seconds),Component,Energy Consumption (Joule)
0,65.786,65.786,screen dark,12.027575436800001
0,51.773,51.773,wifi radio,13.861292977840003
51.773,52.713,0.9399999999999977,wifi running,0.01280836479999997
52.713,65.786,13.073,wifi radio,3.5000614818400004

