Start Time (Seconds),End Time (Seconds),Duration (Seconds),Component,Energy Consumption (Joule)
0,65.686,65.686,screen dark,12.003722384000001
0,39.557,39.557,wifi radio,10.585765700300001
39.557,40.951,1.3939999999999984,wifi running,0.018985722399999978
40.951,65.686,24.735000000000007,wifi radio,6.619281406500002

