Start Time (Seconds),End Time (Seconds),Duration (Seconds),Component,Energy Consumption (Joule)
0,65.767,65.767,screen dark,12.032467252
0,52.385,52.385,wifi radio,14.03490276475
52.385,54.261,1.8760000000000048,wifi running,0.025580010400000068
54.261,65.767,11.505999999999993,wifi radio,3.0826685350999985

