Start Time (Seconds),End Time (Seconds),Duration (Seconds),Component,Energy Consumption (Joule)
0,20.812,20.812,screen dark,3.8067978432000005
0,20.812,20.812,wifi running,0.28371417888
8.895,20.812,11.917000000000002,audio,0.005140993800000001

