Start Time (Seconds),End Time (Seconds),Duration (Seconds),Component,Energy Consumption (Joule)
0,65.789,65.789,screen dark,12.036492284000001
0,53.686,53.686,wifi radio,14.383464538100002
53.686,54.319,0.6330000000000027,wifi running,0.008631208200000037
54.319,65.789,11.469999999999999,wifi radio,3.0730234745

