Start Time (Seconds),End Time (Seconds),Duration (Seconds),Component,Energy Consumption (Joule)
0,65.731,65.731,screen dark,12.0230938416
0,51.11,51.11,wifi radio,13.690133448600001
51.11,54.29,3.1799999999999997,wifi running,0.0433505232
54.29,65.731,11.440999999999995,wifi radio,3.064543470659999

