Start Time (Seconds),End Time (Seconds),Duration (Seconds),Component,Energy Consumption (Joule)
0,65.777,65.777,screen dark,11.8641711792
0,37.114,37.114,wifi radio,9.80295273804
37.114,37.632,0.5180000000000007,wifi running,0.006963287520000009
37.632,65.777,28.145000000000003,wifi radio,7.433963054700001

