Start Time (Seconds),End Time (Seconds),Duration (Seconds),Component,Energy Consumption (Joule)
0,65.18299999999999,65.18299999999999,screen dark,11.757031636799999
0,65.18299999999999,65.18299999999999,wifi running,0.8762316031199998

