Start Time (Seconds),End Time (Seconds),Duration (Seconds),Component,Energy Consumption (Joule)
0,65.71,65.71,screen dark,11.852086415999999
0,51.327,51.327,wifi radio,13.55704465122
51.327,54.539,3.2120000000000033,wifi running,0.04317775968000004
54.539,65.71,11.170999999999992,wifi radio,2.950605837059998

