Start Time (Seconds),End Time (Seconds),Duration (Seconds),Component,Energy Consumption (Joule)
0,65.824,65.824,screen dark,12.0345229312
0,51.754,51.754,wifi radio,13.85620606832
51.754,53.367,1.6129999999999995,wifi running,0.021978608959999996
53.367,65.824,12.457,wifi radio,3.3351385205600006

