Start Time (Seconds),End Time (Seconds),Duration (Seconds),Component,Energy Consumption (Joule)
0,20.792,20.792,screen dark,3.8031395712000005
0,20.792,20.792,wifi running,0.28344153408
5.3629999999999995,20.792,15.429000000000002,audio,0.006656070600000001

