Start Time (Seconds),End Time (Seconds),Duration (Seconds),Component,Energy Consumption (Joule)
0,20.821,20.821,screen dark,3.8066784448000006
0,20.821,20.821,wifi running,0.28370528032000003
5.331,20.821,15.490000000000002,audio,0.006679288000000002

