Start Time (Seconds),End Time (Seconds),Duration (Seconds),Component,Energy Consumption (Joule)
0,65.783,65.783,screen dark,12.0409729464
0,52.242,52.242,wifi radio,14.003077852260002
52.242,52.885,0.6430000000000007,wifi running,0.00877162596000001
52.885,65.783,12.898000000000003,wifi radio,3.4572125519400014

