Start Time (Seconds),End Time (Seconds),Duration (Seconds),Component,Energy Consumption (Joule)
0,65.781,65.781,screen dark,12.0238721784
0,49.066,49.066,wifi radio,13.133495729340002
49.066,51.298,2.2319999999999993,wifi running,0.03040600031999999
51.298,65.781,14.483000000000004,wifi radio,3.8766644651700015

