Start Time (Seconds),End Time (Seconds),Duration (Seconds),Component,Energy Consumption (Joule)
0,65.80199999999999,65.80199999999999,screen dark,12.0360807072
0,65.80199999999999,65.80199999999999,wifi running,0.89702865648

