Start Time (Seconds),End Time (Seconds),Duration (Seconds),Component,Energy Consumption (Joule)
0,65.82300000000001,65.82300000000001,screen dark,11.900377132800001
0,65.82300000000001,65.82300000000001,wifi running,0.8869148995200001

