Start Time (Seconds),End Time (Seconds),Duration (Seconds),Component,Energy Consumption (Joule)
0,65.714,65.714,screen dark,12.0144117632
0,49.163,49.163,wifi radio,13.16251224904
49.163,52.809,3.646000000000001,wifi running,0.049680104320000015
52.809,65.714,12.905000000000001,wifi radio,3.4550824924000008

