Start Time (Seconds),End Time (Seconds),Duration (Seconds),Component,Energy Consumption (Joule)
0,65.752,65.752,screen dark,12.029722912
0,38.396,38.396,wifi radio,10.286992966600002
38.396,38.901,0.5050000000000026,wifi running,0.006885877000000035
38.901,65.752,26.850999999999992,wifi radio,7.193875615849999

