Start Time (Seconds),End Time (Seconds),Duration (Seconds),Component,Energy Consumption (Joule)
0,65.68299999999999,65.68299999999999,screen dark,12.017098948
0,65.68299999999999,65.68299999999999,wifi running,0.8956139782

