Start Time (Seconds),End Time (Seconds),Duration (Seconds),Component,Energy Consumption (Joule)
0,65.83,65.83,screen dark,12.043993480000001
0,51.065,51.065,wifi radio,13.68125054275
51.065,53.986,2.9209999999999994,wifi running,0.03982900339999999
53.986,65.83,11.844000000000001,wifi radio,3.1732249374000006

