Start Time (Seconds),End Time (Seconds),Duration (Seconds),Component,Energy Consumption (Joule)
0,65.798,65.798,screen dark,12.0437185584
0,54.1,54.1,wifi radio,14.501100873000004
54.1,54.49,0.39000000000000057,wifi running,0.005320270800000008
54.49,65.798,11.308,wifi radio,3.0310249292400004

