Start Time (Seconds),End Time (Seconds),Duration (Seconds),Component,Energy Consumption (Joule)
0,65.819,65.819,screen dark,11.8522116232
0,52.694,52.694,wifi radio,13.895209143620002
52.694,53.763,1.0689999999999955,wifi running,0.01434653587999994
53.763,65.819,12.056000000000004,wifi radio,3.1791217488800014

