Start Time (Seconds),End Time (Seconds),Duration (Seconds),Component,Energy Consumption (Joule)
0,65.71,65.71,screen dark,12.013680448
0,52.177,52.177,wifi radio,13.969456738160002
52.177,54.379,2.201999999999998,wifi running,0.03000427583999998
54.379,65.71,11.330999999999996,wifi radio,3.0336721984799992

