Start Time (Seconds),End Time (Seconds),Duration (Seconds),Component,Energy Consumption (Joule)
0,65.793,65.793,screen dark,12.028855238400002
0,32.949,32.949,wifi radio,8.821504303920001
32.949,37.139,4.190000000000005,wifi running,0.05709260480000007
37.139,53.685,16.546,wifi radio,4.429894995680001
53.685,54.396,0.7109999999999985,wifi running,0.009688029119999981
54.396,65.793,11.397000000000006,wifi radio,3.051342515760002

