Start Time (Seconds),End Time (Seconds),Duration (Seconds),Component,Energy Consumption (Joule)
0,65.761,65.761,screen dark,11.858496999199998
0,52.736,52.736,wifi radio,13.92593065472
52.736,54.327,1.591000000000001,wifi running,0.021382212680000016
54.327,65.761,11.433999999999997,wifi radio,3.0193623161799996

