Start Time (Seconds),End Time (Seconds),Duration (Seconds),Component,Energy Consumption (Joule)
0,65.791,65.791,screen dark,12.039647734399999
0,49.842,49.842,wifi radio,13.356681090480002
49.842,50.379,0.536999999999999,wifi running,0.0073239067199999865
50.379,65.791,15.411999999999999,wifi radio,4.13011454128

