Optimization Levels,Website,Run 1,Run 2,Run 3,Run 4,Run 5,Run 6,Run 7,Run 8,Run 9,Run 10,Average
2,httplocalhost2020apacheorgapacheorg2,86.68908,86.22878399999999,89.911152,86.842512,70.26408,88.59384,91.343304,91.40256,87.4152,86.18831999999999,86.4878832
2,httplocalhost2020awsamazoncomawsamazoncom2,149.727204,177.77232,165.51216000000002,163.97964,148.487328,154.92996000000002,157.99788,164.13371999999998,138.976776,166.17528000000001,158.7692268
