Optimization Levels,Website,Run 1,Run 2,Run 3,Run 4,Run 5,Run 6,Run 7,Run 8,Run 9,Run 10,Average
3,httplocalhost2020apacheorgapacheorg3,85.308192,86.382216,88.2234,85.15476,75.641976,86.382216,88.376832,85.768488,74.75644799999999,87.957792,84.395232
3,httplocalhost2020awsamazoncomawsamazoncom3,96.355296,112.77252,95.741568,97.736184,94.44672,99.95454000000001,81.3762,93.96648,113.46606000000001,91.9512,97.77667679999999
