Optimization Levels,Website,Run 1,Run 2,Run 3,Run 4,Run 5,Run 6,Run 7,Run 8,Run 9,Run 10,Average
0,httplocalhost2020apacheorgapacheorg0,73.340496,87.149376,84.541032,88.2234,87.149376,85.61505600000001,80.73935999999999,91.14231600000001,88.50276,73.441764,83.9844936
0,httplocalhost2020awsamazoncomawsamazoncom0,146.451672,167.72832,177.04656,164.62223999999998,153.32328,179.65152,175.00536,173.45664,168.81048,176.55408,168.26501520000002
