Optimization Levels,Website,Run 1,Run 2,Run 3,Run 4,Run 5,Run 6,Run 7,Run 8,Run 9,Run 10,Average
0,httplocalhost2020apacheorgapacheorg0,76.87548000000001,88.05736800000001,90.07632,88.212672,90.542232,90.542232,88.52328,88.05736800000001,93.027096,91.784664,88.56987120000001
0,httplocalhost2020awsamazoncomawsamazoncom0,153.906264,156.85703999999998,154.061568,154.682784,154.682784,153.285048,156.85703999999998,153.59565600000002,156.85703999999998,152.508528,154.7293752
