Optimization Levels,Website,Run 1,Run 2,Run 3,Run 4,Run 5,Run 6,Run 7,Run 8,Run 9,Run 10,Average
1,httplocalhost2020apacheorgapacheorg1,81.16552800000001,89.75771999999999,88.069968,85.308192,85.92192,85.768488,82.3302,89.3205,87.92244000000001,86.9904,86.2555356
1,httplocalhost2020awsamazoncomawsamazoncom1,177.04656,170.8344,172.38744,159.444,178.02,170.28,176.34888,171.70812,176.34888,143.799948,169.6218228
