Optimization Levels,Website,Run 1,Run 2,Run 3,Run 4,Run 5,Run 6,Run 7,Run 8,Run 9,Run 10,Average
1,httplocalhost2020apacheorgapacheorg1,94.890744,79.515648,95.97787199999999,91.163448,90.542232,88.678584,90.231624,88.52328,87.59145600000001,89.765712,89.68806
1,httplocalhost2020awsamazoncomawsamazoncom1,152.508528,151.4214,153.906264,156.85703999999998,154.061568,152.81913600000001,139.618296,161.51616,141.481944,155.304,151.94943360000002
