Optimization Levels,Website,Run 1,Run 2,Run 3,Run 4,Run 5,Run 6,Run 7,Run 8,Run 9,Run 10,Average
3,httplocalhost2020apacheorgapacheorg3,87.59145600000001,88.367976,88.678584,79.360344,87.902064,88.833888,86.349024,88.367976,86.19372,89.14449599999999,87.0789528
3,httplocalhost2020awsamazoncomawsamazoncom3,96.599088,95.201352,93.803616,94.26952800000001,95.046048,95.667264,95.667264,94.890744,94.73544,94.580136,95.04604800000001
