Optimization Levels,Website,Run 1,Run 2,Run 3,Run 4,Run 5,Run 6,Run 7,Run 8,Run 9,Run 10,Average
2,httplocalhost2020apacheorgapacheorg2,88.367976,72.99288,98.152128,87.12554399999999,101.413512,89.455104,89.455104,88.989192,88.212672,89.14449599999999,89.33086080000001
2,httplocalhost2020awsamazoncomawsamazoncom2,152.353224,150.334272,154.372176,154.52748,155.304,152.81913600000001,155.148696,150.489576,152.81913600000001,155.148696,153.3316392
