Start Time (Seconds),End Time (Seconds),Duration (Seconds),Component,Energy Consumption (Joule)
0,65.799,65.799,screen dark,12.032742088800001
0,27.109,27.109,wifi radio,7.25963215453
27.109,30.512,3.4029999999999987,wifi running,0.046379759239999985
30.512,49.7,19.188000000000002,wifi radio,5.138434533960001
49.7,50.515,0.8149999999999977,wifi running,0.01110770019999997
50.515,65.799,15.284000000000006,wifi radio,4.092966094280001

