Start Time (Seconds),End Time (Seconds),Duration (Seconds),Component,Energy Consumption (Joule)
0,65.768,65.768,screen dark,12.0382273344
0,53.761,53.761,wifi radio,14.410234455330004
53.761,54.356,0.5949999999999989,wifi running,0.008116823399999985
54.356,65.768,11.411999999999999,wifi radio,3.0589013523600004

