Start Time (Seconds),End Time (Seconds),Duration (Seconds),Component,Energy Consumption (Joule)
0,65.694,65.694,screen dark,11.8297025232
0,53.381,53.381,wifi radio,14.076368453630002
53.381,53.641,0.259999999999998,wifi running,0.0034893351999999733
53.641,65.694,12.053000000000004,wifi radio,3.1783306601900017

