Start Time (Seconds),End Time (Seconds),Duration (Seconds),Component,Energy Consumption (Joule)
0,65.799,65.799,screen dark,11.8653494328
0,52.585,52.585,wifi radio,13.88605627045
52.585,54.354,1.7689999999999984,wifi running,0.02377444011999998
54.354,65.799,11.445000000000007,wifi radio,3.022267072650002

