Start Time (Seconds),End Time (Seconds),Duration (Seconds),Component,Energy Consumption (Joule)
0,65.69200000000001,65.69200000000001,screen dark,12.021530892800001
0,65.69200000000001,65.69200000000001,wifi running,0.89594428352

