Start Time (Seconds),End Time (Seconds),Duration (Seconds),Component,Energy Consumption (Joule)
0,65.68299999999999,65.68299999999999,screen dark,12.008744070399999
0,65.68299999999999,65.68299999999999,wifi running,0.89499130336

