Start Time (Seconds),End Time (Seconds),Duration (Seconds),Component,Energy Consumption (Joule)
0,65.756,65.756,screen dark,12.0360308448
0,45.046,45.046,wifi radio,12.074243806380002
45.046,46.181,1.134999999999998,wifi running,0.015483352199999974
46.181,65.756,19.575000000000003,wifi radio,5.246932524750002

