Start Time (Seconds),End Time (Seconds),Duration (Seconds),Component,Energy Consumption (Joule)
0,65.72,65.72,screen dark,12.02386832
0,54.178,54.178,wifi radio,14.5152803663
54.178,54.341,0.1630000000000038,wifi running,0.002222570200000052
54.341,65.72,11.378999999999998,wifi radio,3.04864290465

