Start Time (Seconds),End Time (Seconds),Duration (Seconds),Component,Energy Consumption (Joule)
0,65.388,65.388,screen dark,11.7912349536
0,35.308,35.308,wifi radio,9.323740131160001
35.308,38.664,3.3560000000000016,wifi running,0.04510289488000002
38.664,65.388,26.724000000000004,wifi radio,7.056973809480001

