Start Time (Seconds),End Time (Seconds),Duration (Seconds),Component,Energy Consumption (Joule)
0,65.833,65.833,screen dark,12.0417510288
0,53.542,53.542,wifi radio,14.341559872920001
53.542,54.386,0.8440000000000012,wifi running,0.011505610560000016
54.386,65.833,11.446999999999996,wifi radio,3.066150608219999

