Start Time (Seconds),End Time (Seconds),Duration (Seconds),Component,Energy Consumption (Joule)
0,65.769,65.769,screen dark,12.0272559528
0,52.002,52.002,wifi radio,13.92583242834
52.002,54.379,2.3769999999999953,wifi running,0.032396323159999935
54.379,65.769,11.390000000000008,wifi radio,3.050175596300002

