Start Time (Seconds),End Time (Seconds),Duration (Seconds),Component,Energy Consumption (Joule)
0,65.80799999999999,65.80799999999999,screen dark,11.869762636799997
0,65.80799999999999,65.80799999999999,wifi running,0.8846332531199999

