Start Time (Seconds),End Time (Seconds),Duration (Seconds),Component,Energy Consumption (Joule)
0,20.856,20.856,screen dark,3.8139617472
0,20.615,20.615,wifi radio,5.520576814549999
20.615,20.856,0.2410000000000032,wifi running,0.0032846082800000436

