Start Time (Seconds),End Time (Seconds),Duration (Seconds),Component,Energy Consumption (Joule)
0,20.824,20.824,screen dark,3.8098757440000006
0,20.824,20.824,wifi running,0.28394356960000006
5.982,20.824,14.842000000000002,audio,0.0064043230000000026

