Start Time (Seconds),End Time (Seconds),Duration (Seconds),Component,Energy Consumption (Joule)
0,65.621,65.621,screen dark,12.011320336799999
0,32.526,32.526,wifi radio,8.718351330780003
32.526,34.334,1.8079999999999998,wifi running,0.02466422976
34.334,52.714,18.379999999999995,wifi radio,4.9266217014
52.714,54.435,1.7210000000000036,wifi running,0.02347740012000005
54.435,65.621,11.185999999999993,wifi radio,2.9983237405799987

