Start Time (Seconds),End Time (Seconds),Duration (Seconds),Component,Energy Consumption (Joule)
0,65.94200000000001,65.94200000000001,screen dark,12.050504848000001
0,65.94200000000001,65.94200000000001,wifi running,0.8981036632

