Start Time (Seconds),End Time (Seconds),Duration (Seconds),Component,Energy Consumption (Joule)
0,65.866,65.866,screen dark,12.050579896
0,40.194,40.194,wifi radio,10.768710159900001
40.194,40.558,0.3639999999999972,wifi running,0.0049632855999999625
40.558,65.866,25.308,wifi radio,6.7804776018

