Start Time (Seconds),End Time (Seconds),Duration (Seconds),Component,Energy Consumption (Joule)
0,65.869,65.869,screen dark,12.051128764000001
0,38.439,38.439,wifi radio,10.298513455650001
38.439,41.005,2.5660000000000025,wifi running,0.03498843640000004
41.005,65.869,24.863999999999997,wifi radio,6.6615218544

