Start Time (Seconds),End Time (Seconds),Duration (Seconds),Component,Energy Consumption (Joule)
0,65.793,65.793,screen dark,12.034434484800002
0,54.068,54.068,wifi radio,14.482452265680001
54.068,54.345,0.277000000000001,wifi running,0.003776130480000014
54.345,65.793,11.448000000000008,wifi radio,3.066418464480002

