Start Time (Seconds),End Time (Seconds),Duration (Seconds),Component,Energy Consumption (Joule)
0,65.346,65.346,screen dark,11.7864318816
0,53.985,53.985,wifi radio,14.259104477100001
53.985,54.573,0.588000000000001,wifi running,0.007904272320000013
54.573,65.346,10.773000000000003,wifi radio,2.845481754780001

