Start Time (Seconds),End Time (Seconds),Duration (Seconds),Component,Energy Consumption (Joule)
0,65.766,65.766,screen dark,12.0294958176
0,38.841,38.841,wifi radio,10.403804994660002
38.841,39.12,0.27899999999999636,wifi running,0.0038033949599999505
39.12,65.766,26.646000000000008,wifi radio,7.137297903960002

