Start Time (Seconds),End Time (Seconds),Duration (Seconds),Component,Energy Consumption (Joule)
0,65.795,65.795,screen dark,12.029220896000002
0,52.425,52.425,wifi radio,14.035854294000002
52.425,52.876,0.4510000000000005,wifi running,0.0061452899200000076
52.876,65.795,12.919000000000004,wifi radio,3.4588307415200017

