Start Time (Seconds),End Time (Seconds),Duration (Seconds),Component,Energy Consumption (Joule)
0,65.781,65.781,screen dark,12.0406068648
0,39.679,39.679,wifi radio,10.635659547870002
39.679,41.863,2.1839999999999975,wifi running,0.02979351647999997
41.863,65.781,23.918000000000006,wifi radio,6.411041232540003

