Start Time (Seconds),End Time (Seconds),Duration (Seconds),Component,Energy Consumption (Joule)
0,20.801,20.801,screen dark,3.7986120568
0,20.634,20.634,wifi radio,5.517977913420002
20.634,20.801,0.16699999999999804,wifi running,0.0022728900399999735

