Start Time (Seconds),End Time (Seconds),Duration (Seconds),Component,Energy Consumption (Joule)
0,65.82300000000001,65.82300000000001,screen dark,12.034340102400002
0,65.82300000000001,65.82300000000001,wifi running,0.8968989321600002

