Start Time (Seconds),End Time (Seconds),Duration (Seconds),Component,Energy Consumption (Joule)
0,65.785,65.785,screen dark,12.03576046
0,30.302,30.302,wifi radio,8.1184618417
30.302,31.825,1.5229999999999997,wifi running,0.020766714199999998
31.825,50.297,18.471999999999998,wifi radio,4.9489877612
50.297,54.369,4.072000000000003,wifi running,0.05552334880000004
54.369,65.785,11.415999999999997,wifi radio,3.0585558835999995

