Start Time (Seconds),End Time (Seconds),Duration (Seconds),Component,Energy Consumption (Joule)
0,65.708,65.708,screen dark,12.0272448864
0,52.488,52.488,wifi radio,14.069016314640002
52.488,54.366,1.8780000000000001,wifi running,0.025619150160000003
54.366,65.708,11.341999999999999,wifi radio,3.04013837526

