Start Time (Seconds),End Time (Seconds),Duration (Seconds),Component,Energy Consumption (Joule)
0,65.755,65.755,screen dark,12.03027178
0,49.796,49.796,wifi radio,13.341262156600001
49.796,54.354,4.558,wifi running,0.0621501532
54.354,65.755,11.400999999999996,wifi radio,3.0545371083499995

