Start Time (Seconds),End Time (Seconds),Duration (Seconds),Component,Energy Consumption (Joule)
0,65.801,65.801,screen dark,11.8489703128
0,49.821,49.821,wifi radio,13.137609874830002
49.821,54.403,4.582000000000001,wifi running,0.06149282264000001
54.403,65.801,11.398000000000003,wifi radio,3.005609629540001

