Start Time (Seconds),End Time (Seconds),Duration (Seconds),Component,Energy Consumption (Joule)
0,65.80199999999999,65.80199999999999,screen dark,12.030500697599999
0,65.80199999999999,65.80199999999999,wifi running,0.89661278784

