Start Time (Seconds),End Time (Seconds),Duration (Seconds),Component,Energy Consumption (Joule)
0,20.852,20.852,screen dark,3.8149985120000003
0,20.852,20.852,wifi running,0.28432536080000004
12.399000000000001,20.852,8.453,audio,0.0036474695000000006

