Start Time (Seconds),End Time (Seconds),Duration (Seconds),Component,Energy Consumption (Joule)
0,65.788,65.788,screen dark,12.0418881504
0,36.018,36.018,wifi radio,9.654355845540001
36.018,36.081,0.06300000000000239,wifi running,0.0008594283600000327
36.081,54.065,17.983999999999995,wifi radio,4.820476859519999
54.065,54.309,0.24399999999999977,wifi running,0.003328579679999997
54.309,65.788,11.479,wifi radio,3.0768602018700006

