Start Time (Seconds),End Time (Seconds),Duration (Seconds),Component,Energy Consumption (Joule)
0,65.782,65.782,screen dark,12.040789905599999
0,46.504,46.504,wifi radio,12.465049815120002
46.504,47.523,1.0190000000000055,wifi running,0.013900912680000075
47.523,65.782,18.258999999999993,wifi radio,4.8941885552699995

