Start Time (Seconds),End Time (Seconds),Duration (Seconds),Component,Energy Consumption (Joule)
0,65.57300000000001,65.57300000000001,screen dark,11.996973788000002
0,65.57300000000001,65.57300000000001,wifi running,0.8941140842000002

