Start Time (Seconds),End Time (Seconds),Duration (Seconds),Component,Energy Consumption (Joule)
0,65.751,65.751,screen dark,12.0351156408
0,53.628,53.628,wifi radio,14.374584798840003
53.628,54.199,0.570999999999998,wifi running,0.0077894221199999725
54.199,65.751,11.552000000000007,wifi radio,3.0964273065600025

