Start Time (Seconds),End Time (Seconds),Duration (Seconds),Component,Energy Consumption (Joule)
0,20.856,20.856,screen dark,3.8157303360000006
0,20.856,20.856,wifi running,0.28437990240000005
5.358,20.856,15.498000000000001,audio,0.006687387000000002

