Start Time (Seconds),End Time (Seconds),Duration (Seconds),Component,Energy Consumption (Joule)
0,20.822,20.822,screen dark,3.8103926848
0,20.822,20.822,wifi running,0.28398209632
10.066,20.822,10.755999999999998,audio,0.004642289599999999

