Start Time (Seconds),End Time (Seconds),Duration (Seconds),Component,Energy Consumption (Joule)
0,65.811,65.811,screen dark,12.040517316000003
0,53.39,53.39,wifi radio,14.304160706500001
53.39,54.35,0.9600000000000009,wifi running,0.013089984000000013
54.35,65.811,11.461000000000006,wifi radio,3.070612209350002

