Start Time (Seconds),End Time (Seconds),Duration (Seconds),Component,Energy Consumption (Joule)
0,20.861,20.861,screen dark,3.8175296224000004
0,20.861,20.861,wifi running,0.28451400016
8.873,20.861,11.988000000000001,audio,0.005174020800000001

