Start Time (Seconds),End Time (Seconds),Duration (Seconds),Component,Energy Consumption (Joule)
0,65.766,65.766,screen dark,12.023918860800002
0,53.084,53.084,wifi radio,14.212289734720002
53.084,54.316,1.2319999999999993,wifi running,0.016787133439999994
54.316,65.766,11.450000000000003,wifi radio,3.0655323160000014

