Start Time (Seconds),End Time (Seconds),Duration (Seconds),Component,Energy Consumption (Joule)
0,65.768,65.768,screen dark,12.024284518400002
0,51.642,51.642,wifi radio,13.826220075360002
51.642,54.453,2.811,wifi running,0.038302461120000006
54.453,65.768,11.314999999999998,wifi radio,3.0293884851999997

