Start Time (Seconds),End Time (Seconds),Duration (Seconds),Component,Energy Consumption (Joule)
0,65.68299999999999,65.68299999999999,screen dark,12.011529029599998
0,65.68299999999999,65.68299999999999,wifi running,0.89519886164

