Start Time (Seconds),End Time (Seconds),Duration (Seconds),Component,Energy Consumption (Joule)
0,65.74,65.74,screen dark,12.021952687999997
0,52.349,52.349,wifi radio,14.018757005329999
52.349,53.473,1.1240000000000023,wifi running,0.015319085920000032
53.473,65.74,12.266999999999996,wifi radio,3.285031083389999

