Start Time (Seconds),End Time (Seconds),Duration (Seconds),Component,Energy Consumption (Joule)
0,65.772,65.772,screen dark,12.030593299200001
0,54.261,54.261,wifi radio,14.53414852386
54.261,54.342,0.08099999999999596,wifi running,0.001104211439999945
54.342,65.772,11.430000000000007,wifi radio,3.061597051800002

