Start Time (Seconds),End Time (Seconds),Duration (Seconds),Component,Energy Consumption (Joule)
0,65.826,65.826,screen dark,12.0488437008
0,53.064,53.064,wifi radio,14.223408811920002
53.064,53.168,0.1039999999999992,wifi running,0.0014187388799999892
53.168,65.826,12.657999999999994,wifi radio,3.392882344739999

