Start Time (Seconds),End Time (Seconds),Duration (Seconds),Component,Energy Consumption (Joule)
0,65.32300000000001,65.32300000000001,screen dark,11.9456953976
0,65.32300000000001,65.32300000000001,wifi running,0.8902923928400001

