Start Time (Seconds),End Time (Seconds),Duration (Seconds),Component,Energy Consumption (Joule)
0,65.789,65.789,screen dark,12.036492284000001
0,53.678,53.678,wifi radio,14.381321191300001
53.678,53.777,0.09900000000000375,wifi running,0.0013499046000000512
53.777,65.789,12.012,wifi radio,3.2182352202000004

