Start Time (Seconds),End Time (Seconds),Duration (Seconds),Component,Energy Consumption (Joule)
0,65.768,65.768,screen dark,11.8430279104
0,51.61,51.61,wifi radio,13.609362430300001
51.61,54.307,2.6970000000000027,wifi running,0.036195142440000036
54.307,65.768,11.460999999999999,wifi radio,3.02222249203

