Start Time (Seconds),End Time (Seconds),Duration (Seconds),Component,Energy Consumption (Joule)
0,65.69800000000001,65.69800000000001,screen dark,12.019843288000002
0,65.69800000000001,65.69800000000001,wifi running,0.8958185092000002

