Start Time (Seconds),End Time (Seconds),Duration (Seconds),Component,Energy Consumption (Joule)
0,65.778,65.778,screen dark,12.034479768000002
0,36.818,36.818,wifi radio,9.8642178103
36.818,40.409,3.591000000000001,wifi running,0.048964721400000015
40.409,65.778,25.369000000000007,wifi radio,6.796820621150003

