Start Time (Seconds),End Time (Seconds),Duration (Seconds),Component,Energy Consumption (Joule)
0,65.67699999999999,65.67699999999999,screen dark,12.0076470976
0,65.67699999999999,65.67699999999999,wifi running,0.89490954784

