Start Time (Seconds),End Time (Seconds),Duration (Seconds),Component,Energy Consumption (Joule)
0,65.794,65.794,screen dark,11.847709803199999
0,53.17,53.17,wifi radio,14.020728549100003
53.17,54.356,1.186,wifi running,0.015916736719999998
54.356,65.794,11.437999999999995,wifi radio,3.016157478739999

