Start Time (Seconds),End Time (Seconds),Duration (Seconds),Component,Energy Consumption (Joule)
0,20.826999999999998,20.826999999999998,screen dark,3.8086584823999994
0,20.826999999999998,20.826999999999998,wifi running,0.28385284916

