Start Time (Seconds),End Time (Seconds),Duration (Seconds),Component,Energy Consumption (Joule)
0,65.80799999999999,65.80799999999999,screen dark,12.042758707199999
0,65.80799999999999,65.80799999999999,wifi running,0.8975263564799999

