Start Time (Seconds),End Time (Seconds),Duration (Seconds),Component,Energy Consumption (Joule)
0,65.632,65.632,screen dark,12.007768192000002
0,31.881,31.881,wifi radio,8.54150491635
31.881,33.447,1.5660000000000025,wifi running,0.021353036400000035
33.447,51.85,18.403,wifi radio,4.93050139505
51.85,54.359,2.5090000000000003,wifi running,0.03421121860000001
54.359,65.632,11.273000000000003,wifi radio,3.0202435595500012

