Start Time (Seconds),End Time (Seconds),Duration (Seconds),Component,Energy Consumption (Joule)
0,65.782,65.782,screen dark,12.0268441216
0,35.833,35.833,wifi radio,9.59364362264
35.833,36.078,0.24500000000000455,wifi running,0.0033383504000000625
36.078,65.782,29.703999999999994,wifi radio,7.95271370432

