Start Time (Seconds),End Time (Seconds),Duration (Seconds),Component,Energy Consumption (Joule)
0,65.67699999999999,65.67699999999999,screen dark,12.010431802399998
0,65.67699999999999,65.67699999999999,wifi running,0.8951170871599999

