Start Time (Seconds),End Time (Seconds),Duration (Seconds),Component,Energy Consumption (Joule)
0,65.773,65.773,screen dark,12.0307762128
0,36.889,36.889,wifi radio,9.88094957514
36.889,37.003,0.11399999999999721,wifi running,0.0015540753599999622
37.003,65.773,28.769999999999996,wifi radio,7.7062246002

