Start Time (Seconds),End Time (Seconds),Duration (Seconds),Component,Energy Consumption (Joule)
0,65.286,65.286,screen dark,11.947233542400001
0,50.068,50.068,wifi radio,13.417244669920002
50.068,51.132,1.064,wifi running,0.01451142784
51.132,65.286,14.154000000000003,wifi radio,3.7929951477600015

