Start Time (Seconds),End Time (Seconds),Duration (Seconds),Component,Energy Consumption (Joule)
0,65.77,65.77,screen dark,12.024650176
0,34.103,34.103,wifi radio,9.130467124240003
34.103,34.542,0.43900000000000006,wifi running,0.005981778880000002
34.542,65.77,31.227999999999994,wifi radio,8.36073739424

