Start Time (Seconds),End Time (Seconds),Duration (Seconds),Component,Energy Consumption (Joule)
0,65.789,65.789,screen dark,12.0281239232
0,40.162,40.162,wifi radio,10.752655796960001
40.162,40.854,0.6920000000000002,wifi running,0.009429136640000004
40.854,65.789,24.935000000000002,wifi radio,6.675899414800002

