Start Time (Seconds),End Time (Seconds),Duration (Seconds),Component,Energy Consumption (Joule)
0,65.69200000000001,65.69200000000001,screen dark,12.015960211200001
0,65.69200000000001,65.69200000000001,wifi running,0.8955291100800001

