Start Time (Seconds),End Time (Seconds),Duration (Seconds),Component,Energy Consumption (Joule)
0,65.789,65.789,screen dark,12.044860644799998
0,51.198,51.198,wifi radio,13.72642033476
51.198,54.329,3.1310000000000002,wifi running,0.042722119280000005
54.329,65.789,11.46,wifi radio,3.0724789452000003

