Start Time (Seconds),End Time (Seconds),Duration (Seconds),Component,Energy Consumption (Joule)
0,65.789,65.789,screen dark,12.022545016
0,52.158,52.158,wifi radio,13.9578928482
52.158,54.342,2.1839999999999975,wifi running,0.029745206399999963
54.342,65.789,11.447000000000003,wifi radio,3.0633076313000007

