Start Time (Seconds),End Time (Seconds),Duration (Seconds),Component,Energy Consumption (Joule)
0,65.806,65.806,screen dark,12.034022187199998
0,28.316,28.316,wifi radio,7.58285971772
28.316,30.676,2.3599999999999994,wifi running,0.03216462879999999
30.676,65.806,35.129999999999995,wifi radio,9.407609192099999

