Start Time (Seconds),End Time (Seconds),Duration (Seconds),Component,Energy Consumption (Joule)
0,65.81700000000001,65.81700000000001,screen dark,12.027661848000001
0,65.81700000000001,65.81700000000001,wifi running,0.8964012132

