Start Time (Seconds),End Time (Seconds),Duration (Seconds),Component,Energy Consumption (Joule)
0,65.737,65.737,screen dark,12.021404074399998
0,39.345,39.345,wifi radio,10.53636161865
39.345,40.465,1.1200000000000045,wifi running,0.015264569600000062
40.465,65.737,25.27199999999999,wifi radio,6.7676942642399975

