Start Time (Seconds),End Time (Seconds),Duration (Seconds),Component,Energy Consumption (Joule)
0,20.836,20.836,screen dark,3.8111877696
0,20.836,20.836,wifi running,0.28404135263999997
9.605,20.836,11.230999999999998,audio,0.0048450533999999995

