Start Time (Seconds),End Time (Seconds),Duration (Seconds),Component,Energy Consumption (Joule)
0,65.783,65.783,screen dark,12.035394548000001
0,52.925,52.925,wifi radio,14.179578673750001
52.925,53.184,0.25900000000000034,wifi running,0.0035315686000000047
53.184,65.783,12.599000000000004,wifi radio,3.375503291650001

